Workbook

Sheet ItemSheet
A1: Id | B1: Type | C1: Hp | D1: Atk | E1: Def | F1: Cri | G1: Enhanced | H1: Price | I1: Grade | J1: UpgradeType | K1: Icon
A2: =TEXT(규칙!$B$3,"000")&TEXT(규칙!$E$3,"000")&TEXT(규칙!H3,"000") -> 101000001 | B2: =규칙!B8 -> Helmet | C2: 500 | D2: 0 | E2: 0 | F2: 0 | G2: 0 | H2: 500 | I2: 0 | J2: =규칙!$B$14 -> Gold | K2: Assets/00.Externals/Myaddressable/item/itemSheet0.png[itemSheet0_0]
A3: =TEXT(규칙!$B$3,"000")&TEXT(규칙!$E$3,"000")&TEXT(규칙!H4,"000") -> 101000002 | B3: =규칙!B9 -> Weapon | C3: 0 | D3: 5 | E3: 0 | F3: 0 | G3: 0 | H3: 1000 | I3: 0 | J3: =규칙!$B$14 -> Gold | K3: Assets/00.Externals/Myaddressable/item/itemSheet0.png[itemSheet0_1]
A4: =TEXT(규칙!$B$3,"000")&TEXT(규칙!$E$3,"000")&TEXT(규칙!H5,"000") -> 101000003 | B4: =규칙!B10 -> Shield | C4: 0 | D4: 0 | E4: 2 | F4: 0 | G4: 0 | H4: 800 | I4: 0 | J4: =규칙!$B$14 -> Gold | K4: Assets/00.Externals/Myaddressable/item/itemSheet0.png[itemSheet0_2]
A5: =TEXT(규칙!$B$3,"000")&TEXT(규칙!$E$3,"000")&TEXT(규칙!H6,"000") -> 101000004 | B5: =규칙!B11 -> Ring | C5: 0 | D5: 0 | E5: 0 | F5: 5 | G5: 0 | H5: 1200 | I5: 0 | J5: =규칙!$B$14 -> Gold | K5: Assets/00.Externals/Myaddressable/item/itemSheet0.png[itemSheet0_3]
A6: =TEXT(규칙!$B$3,"000")&TEXT(규칙!$E$4,"000")&TEXT(규칙!H3,"000") -> 101001001 | B6: =규칙!B8 -> Helmet | C6: 3500 | D6: 0 | E6: 0 | F6: 0 | G6: 0 | H6: 3500 | I6: 1 | J6: =규칙!$B$13 -> None | K6: Assets/00.Externals/Myaddressable/item/itemSheet0.png[itemSheet1_0]
A7: =TEXT(규칙!$B$3,"000")&TEXT(규칙!$E$4,"000")&TEXT(규칙!H4,"000") -> 101001002 | B7: =규칙!B9 -> Weapon | C7: 0 | D7: 30 | E7: 0 | F7: 0 | G7: 0 | H7: 5000 | I7: 1 | J7: =규칙!$B$13 -> None | K7: Assets/00.Externals/Myaddressable/item/itemSheet0.png[itemSheet1_1]
A8: =TEXT(규칙!$B$3,"000")&TEXT(규칙!$E$4,"000")&TEXT(규칙!H5,"000") -> 101001003 | B8: =규칙!B10 -> Shield | C8: 0 | D8: 0 | E8: 12 | F8: 0 | G8: 0 | H8: 4500 | I8: 1 | J8: =규칙!$B$13 -> None | K8: Assets/00.Externals/Myaddressable/item/itemSheet0.png[itemSheet1_2]
A9: =TEXT(규칙!$B$3,"000")&TEXT(규칙!$E$4,"000")&TEXT(규칙!H6,"000") -> 101001004 | B9: =규칙!B11 -> Ring | C9: 0 | D9: 0 | E9: 0 | F9: 36 | G9: 0 | H9: 6000 | I9: 1 | J9: =규칙!$B$13 -> None | K9: Assets/00.Externals/Myaddressable/item/itemSheet0.png[itemSheet1_3]
A10: =TEXT(규칙!$B$3,"000")&TEXT(규칙!$E$5,"000")&TEXT(규칙!H3,"000") -> 101002001 | B10: =규칙!B8 -> Helmet | C10: 3500 | D10: 0 | E10: 8 | F10: 0 | G10: 0 | H10: 4400 | I10: 2 | J10: =규칙!$B$14 -> Gold | K10: Assets/00.Externals/Myaddressable/item/itemSheet0.png[itemSheet2_0]
A11: =TEXT(규칙!$B$3,"000")&TEXT(규칙!$E$5,"000")&TEXT(규칙!H4,"000") -> 101002002 | B11: =규칙!B9 -> Weapon | C11: 0 | D11: 32 | E11: 0 | F11: 10 | G11: 0 | H11: 5500 | I11: 2 | J11: =규칙!$B$14 -> Gold | K11: Assets/00.Externals/Myaddressable/item/itemSheet0.png[itemSheet2_1]
A12: =TEXT(규칙!$B$3,"000")&TEXT(규칙!$E$5,"000")&TEXT(규칙!H5,"000") -> 101002003 | B12: =규칙!B10 -> Shield | C12: 1800 | D12: 0 | E12: 16 | F12: 0 | G12: 0 | H12: 4800 | I12: 2 | J12: =규칙!$B$14 -> Gold | K12: Assets/00.Externals/Myaddressable/item/itemSheet0.png[itemSheet2_2]
A13: =TEXT(규칙!$B$3,"000")&TEXT(규칙!$E$5,"000")&TEXT(규칙!H6,"000") -> 101002004 | B13: =규칙!B11 -> Ring | C13: 0 | D13: 40 | E13: 6 | F13: 20 | G13: 0 | H13: 6500 | I13: 2 | J13: =규칙!$B$14 -> Gold | K13: Assets/00.Externals/Myaddressable/item/itemSheet0.png[itemSheet2_3]
A14: =TEXT(규칙!$B$3,"000")&TEXT(규칙!$E$6,"000")&TEXT(규칙!H3,"000") -> 101003001 | B14: =규칙!B8 -> Helmet | C14: 5000 | D14: 0 | E14: 0 | F14: 0 | G14: 0 | H14: 10000 | I14: 3 | J14: =규칙!$B$15 -> Stone | K14: Assets/00.Externals/Myaddressable/item/itemSheet0.png[itemSheet3_0]
A15: =TEXT(규칙!$B$3,"000")&TEXT(규칙!$E$6,"000")&TEXT(규칙!H4,"000") -> 101003002 | B15: =규칙!B9 -> Weapon | C15: 0 | D15: 80 | E15: 0 | F15: 0 | G15: 0 | H15: 15000 | I15: 3 | J15: =규칙!$B$15 -> Stone | K15: Assets/00.Externals/Myaddressable/item/itemSheet0.png[itemSheet3_1]
A16: =TEXT(규칙!$B$3,"000")&TEXT(규칙!$E$6,"000")&TEXT(규칙!H5,"000") -> 101003003 | B16: =규칙!B10 -> Shield | C16: 0 | D16: 0 | E16: 35 | F16: 0 | G16: 0 | H16: 12000 | I16: 3 | J16: =규칙!$B$15 -> Stone | K16: Assets/00.Externals/Myaddressable/item/itemSheet0.png[itemSheet3_2]
A17: =TEXT(규칙!$B$3,"000")&TEXT(규칙!$E$6,"000")&TEXT(규칙!H6,"000") -> 101003004 | B17: =규칙!B11 -> Ring | C17: 0 | D17: 0 | E17: 0 | F17: 55 | G17: 0 | H17: 18000 | I17: 3 | J17: =규칙!$B$15 -> Stone | K17: Assets/00.Externals/Myaddressable/item/itemSheet0.png[itemSheet3_3]

Sheet 규칙
A2: Id | B2: 첫번째 규칙 | E2: 두번째규칙(등급) | H2: 세번째 규칙(몇번째) | K2: Ex. | L2: 1등급 첫번째 아이템 | N2: =TEXT(B3, "000") & TEXT(E3, "000") & TEXT(H3, "000") -> 101000001
B3: 101 | C3: 아이템 | E3: 0 | F3: 0등급 | H3: 1 | I3: 첫번째 아이템 | L3: 0등급 네번째 아이템 | N3: =TEXT(B3, "000") & TEXT(E3, "000") & TEXT(H6, "000") -> 101000004
E4: 1 | F4: 1등급 | H4: 2 | I4: 두번째 아이템
E5: 2 | F5: 2등급 | H5: 3 | I5: 세번째 아이템
E6: 3 | F6: 3등급 | H6: 4 | I6: 네번째 아이템
A8: ItemType | B8: Helmet | C8: 헬멧(Hp)
A9: enum | B9: Weapon | C9: 무기(Atk)
A10: 강화시 증가하는 능력 | B10: Shield | C10: 방어구(Def)
B11: Ring | C11: 반지(Cri)
A13: ItemEnhanceCostType | B13: None | C13: 강화불가
A14: enum | B14: Gold | C14: 골드
A15: 강화 방식 | B15: Stone | C15: 강화석
